val_loss,val_accuracy,val_f1,val_precision,val_recall
[0.6733764723325387],[tensor(0.5998)],[0.3749060856498873],[0.2998798076923077],[0.5]
"[0.6733764723325387, 0.6729141340041772]","[tensor(0.5998), tensor(0.6004)]","[0.3749060856498873, 0.3751408186256102]","[0.2998798076923077, 0.30018028846153844]","[0.5, 0.5]"
