val_loss,val_accuracy,val_f1,val_precision,val_recall
0.6907364816035865,tensor(0.5498),"{'S_f1': 0.6536629621229303, 'NS_f1': 0.35705263157894734}","{'S_precision': 0.5309506263817244, 'NS_precision': 0.6253687315634219}","{'S_recall': 0.8501474926253687, 'NS_recall': 0.2498526812021214}"
0.6911529190135453,tensor(0.5304),"{'S_f1': 0.670391061452514, 'NS_f1': 0.18349564325986673}","{'S_precision': 0.5160879260911119, 'NS_precision': 0.7075098814229249}","{'S_recall': 0.9563164108618654, 'NS_recall': 0.10541813898704358}"
0.673620416308349,tensor(0.5775),"{'S_f1': 0.6448574969021066, 'NS_f1': 0.47871953437613673}","{'S_precision': 0.5557454079453226, 'NS_precision': 0.6260704091341579}","{'S_recall': 0.768004722550177, 'NS_recall': 0.3875147232037691}"
0.6631400742620792,tensor(0.6271),"{'S_f1': 0.6050577583515453, 'NS_f1': 0.6467467187936331}","{'S_precision': 0.6434262948207171, 'NS_precision': 0.6139978791092259}","{'S_recall': 0.5710076605774896, 'NS_recall': 0.6831858407079646}"
0.6467998061539992,tensor(0.6383),"{'S_f1': 0.6123222748815166, 'NS_f1': 0.6609560652113844}","{'S_precision': 0.6596324029952348, 'NS_precision': 0.6219448777951118}","{'S_recall': 0.5713443396226415, 'NS_recall': 0.7051886792452831}"
0.645965761733505,tensor(0.6315),"{'S_f1': 0.5444606413994169, 'NS_f1': 0.6905940594059405}","{'S_precision': 0.7114285714285714, 'NS_precision': 0.5956447480785654}","{'S_recall': 0.4409681227863046, 'NS_recall': 0.8215547703180212}"
