val_loss_ind,val_loss,val_accuracy,val_f1,val_precision,val_recall
[156],[0.6573961094403878],[tensor(0.6117)],[0.4276791466811448],[0.6456280703354413],[0.519218868166764]
"[156, 312]","[0.6573961094403878, 0.649340461461972]","[tensor(0.6117), tensor(0.6269)]","[0.4276791466811448, 0.5192220618310492]","[0.6456280703354413, 0.6172953889180497]","[0.519218868166764, 0.5542400796786762]"
